06/05/2022,09/05/2022,1,SVVL-0001
08/05/2022,09/06/2022,128912,SVHO-0002
11/05/2022,14/05/2022,2389,SVRO-0001
03/05/2022,04/05/2022,15,SVRO-0001
28/05/2022,30/05/2022,4,SVVL-0001
26/05/2022,27/05/2022,2,SVVL-0002
03/05/2022,04/05/2022,1,SVVL-0001
04/05/2022,06/05/2022,1,SVVL-0001
04/05/2022,06/05/2022,1,SVVL-0001
04/05/2022,08/05/2022,1,SVVL-0001
04/05/2022,05/05/2022,1,SVVL-0001
04/05/2022,05/05/2022,3,SVHO-0001
04/05/2022,05/05/2022,15,SVVL-0001
05/05/2022,06/05/2022,15,SVVL-0001
05/05/2022,06/05/2022,2389,SVVL-0001
05/05/2022,07/05/2022,2389,SVVL-0001
05/05/2022,06/05/2022,4,SVVL-0001
05/05/2022,06/05/2022,3,SVVL-0002
05/05/2022,07/05/2022,1,SVVL-0002
28/05/2022,30/05/2022,1,SVVL-0002
25/05/2022,27/05/2022,2,SVVL-0001
25/05/2022,28/05/2022,2,SVVL-0001
25/05/2022,28/05/2022,15,SVVL-0001
25/05/2022,28/05/2022,1,SVVL-0002
25/05/2022,29/05/2022,1,SVVL-0001
26/05/2022,27/05/2022,1,SVVL-0001
25/05/2022,26/05/2022,1,SVVL-0001
25/05/2022,26/05/2022,3,SVHO-0001
26/05/2022,27/05/2022,1,SVRO-0001
26/05/2022,27/05/2022,1,SVVL-0001
26/05/2022,29/05/2022,1,SVVL-0001
26/05/2022,27/05/2022,1,SVVL-0001
10/11/2022,19/11/2022,1,SVVL-0001
10/11/2022,18/11/2022,1,SVVL-0001
10/11/2022,19/11/2022,1,SVVL-0001
10/11/2022,20/11/2022,1,SVVL-0001
09/11/2022,15/11/2022,1,SVVL-0001
11/11/2022,15/11/2022,1,SVVL-0001
10/11/2022,21/11/2022,1,SVVL-0001
18/11/2022,22/11/2022,15,SVVL-0001
10/11/2022,19/11/2022,2,SVHO-0002
11/11/2022,15/11/2022,3,SVVL-0001
12/11/2022,15/11/2022,1,SVVL-0001
15/11/2022,16/11/2022,15,SVHO-0001
